question,option1,option2,option3,option4,answer
"Mang trên mình sứ mệnh Người Khai Mở, một trong những mục tiêu Sun Group kiên định là tìm đến những vùng đất giàu tiềm năng nhưng chưa được khai thác đúng tầm, làm thay đổi những vùng đất ấy, kiến tạo và đóng góp cho xã hội những công trình, sản phẩm/dịch vụ thế nào?",Đẳng cấp chất lượng vượt trội và trường tồn theo thời gian.,Ghi dấu ấn vượt thời gian.,Chất lượng vượt trội.,"Đẳng cấp, chất lượng, khác biệt.",1
"Trong nội dung Đối với tập thể Người Sun Group, Người Sun Group xác định điều gì để theo đó, mỗi cá nhân phấn đấu học hỏi và nâng cấp bản thân, phấn đấu trở thành Đại sứ Văn hóa Sun Group, khẳng định tình yêu với Tập đoàn và niềm tự hào khi là thành viên của tập thể Sun Group, tập thể với lý tưởng cao đẹp đang góp phần xây dựng hình ảnh Người Việt Nam mới trong lao động, đóng góp cho sự phát triển của đất nước?",Phấn đấu trở thành “Hiền tài” thay vì “Người tài”.,Sun Group không giữ người bằng tiền và không đón nhận những người đến với Tập đoàn chỉ vì tiền.,"Không có công việc tầm thường, chỉ có con người tầm thường.",Sun Group là tập thể của những người con yêu nước.,4
"“Văn hóa Sun Group đã, đang và sẽ tiếp tục được bổ sung các tiêu chí văn hóa hiện đại, nhằm đảm bảo sự hội nhập của Sun Group cũng như Người Sun Group với môi trường phát triển năng động, văn minh và hiện đại của thế giới.” Đây là nội dung của yếu tố văn hóa nào của Sun Group?",Hội nhập,Lan tỏa,Kế thừa,Bản sắc,1
"Hiền tài của Sun Group là những người hiểu được trách nhiệm và sự đóng góp của bản thân đối với sự thành công và lớn mạnh của Sun Group. Do đó, họ chủ động học hỏi, nỗ lực hoàn thiện bản thân và luôn xem sự trưởng thành liên tục của bản thân là yếu tố nền tảng và thước đo cho sự bền vững của tập thể, của Sun Group, của cộng đồng và của đất nước Việt Nam. Đây là nội dung nào trong Triết lý về Người Sun Group?",Nhiệt tâm,Hiền,Tài,Làm gương và lan tỏa,3
Nội dung nào sau đây thể hiện Ý thức vì cộng đồng của Người Sun Group trong thời kì mới?,"Tìm hiểu, lựa chọn thưởng thức nhằm nâng cao khả năng cảm thụ về các loại hình nghệ thuật.","Tư duy phát triển bền vững, hội nhập quốc tế, gìn giữ tài nguyên, môi trường sống.","Có khả năng lan tỏa, truyền cảm hứng và gắn kết sức mạnh của đội ngũ.","Có tinh thần yêu nước, tự hào chia sẻ và hành động để gìn giữ những truyền thống của dân tộc Việt Nam.",2
Yêu cầu về Phẩm chất (Nhân cách - Đạo đức) của Người Sun Group trong thời kì mới bao gồm những yếu tố nào?,Yêu nước - Khiêm nhường - Tư duy hội nhập - Lối sống lành mạnh,Yêu nước - Lý tưởng - Khiêm nhường - Nhân cách tốt,Lý tưởng - Nhân cách tốt - Năng suất lao động - Thể chất khỏe mạnh,Đạo đức tốt - Nhân cách tốt - Yêu nước - Ý thức vì cộng đồng,2
"Nội dung sau đây thể hiện giá trị cốt lõi nào đối với Người Sun Group: ""Sẵn sàng tự phê và phê những khuyết điểm của bản thân và người khác một cách trực diện để cùng trưởng thành""?",Trình độ chuyên môn cao.,Không thể hiện giá trị cốt lõi nào đối với Người Sun Group.,Trung thành và trung thực.,Nhiệt tâm.,1
"Mang trên mình sứ mệnh Người Khai Mở, một trong những mục tiêu Sun Group kiên định là ""Góp phần nâng cao vị thế đất nước, nâng cao ..., làm đẹp, làm giàu cho Tổ Quốc và đưa Việt Nam trở thành điểm đến hấp dẫn của thế giới."". Từ còn thiếu trong dấu ba chấm là gì?",Vị thế của người Việt Nam,Chất lượng sống của người dân,Trí tuệ người Việt Nam,Sức khỏe người Việt Nam,2
"Người Sun Group không tự mãn với những thành công đã đạt được mà luôn khao khát phá vỡ những kỷ lục của chính mình, luôn đảm bảo chất lượng, đẳng cấp, khác biệt và tính nhân văn trong mọi việc, công trình sau tốt hơn công trình trước; Đây là nội dung thể hiện yếu tố nào trong Triết lý xây dựng và phát triển văn hóa của Sun Group?",Bản sắc,Kế thừa,Lan tỏa,Hội nhập,1
Triết lý nào sau đây nằm trong Triết lý về Người Sun Group?,"Sun Group xây dựng môi trường làm việc áp lực, đòi hỏi cao để giúp CBNV nâng cao năng lực của mình.","Sun Group sẽ chỉ chú trọng tập hợp về mình những ""Người tài"".",Sun Group sẵn sàng đón nhận những người đến với Tập đoàn chỉ vì tiền và giữ người bằng tiền.,"Sun Group sẽ tập hợp về mình những ""Hiền tài"" thay vì ""Người tài"".",4
Chất lượng - Đẳng cấp - Khác biệt thể hiện nội dung gì trong Tư tưởng - Văn hóa Sun Group?,Giá trị cốt lõi đối với Tập đoàn Sun Group.,Sứ mệnh Sun Group.,Tầm nhìn Sun Group.,Lý tưởng Sun Group.,1
Yêu cầu về Sức khỏe (Thể chất – Tinh thần) của Người Sun Group trong thời kì mới bao gồm những yếu tố nào?,Thể chất khỏe mạnh - Tinh thần khỏe mạnh - Lối sống lành mạnh.,Sức khỏe tốt - Tinh thần tốt - Lối sống tốt.,Thể chất khỏe mạnh - Tinh thần khỏe mạnh - Năng suất lao động cao.,Ý thức tốt - Nhân cách tốt - Tinh thần tốt.,1
"Với yêu cầu về Người Sun Group trong thời kỳ mới, Người Sun Group hướng tới có năng suất lao động như thế nào?",Một người làm việc bằng hai so với hiện tại.,"Có năng suất lao động ngang với Nhật Bản, Hàn Quốc.","Có năng suất lao động cao, ngang bằng nước tiên tiến nhất trong khu vực Đông Nam Á.",Đa năng đa nhiệm.,3
Nội dung nào sau đây thể hiện Lý tưởng Sun Group?,Lý tưởng của Sun Group là trở thành một trong những Tập đoàn kinh tế tư nhân Việt Nam có quy mô và đẳng cấp quốc tế.,"Lý tưởng của Sun Group là tìm đến những vùng đất giàu tiềm năng nhưng chưa được khai thác đúng tầm, làm thay đổi những vùng đất ấy, kiến tạo và đóng góp cho xã hội những công trình, sản phẩm/dịch vụ có đẳng cấp chất lượng vượt trội, trường tồn theo thời gian.","Lý tưởng của Sun Group là góp phần nâng cao vị thế đất nước, nâng cao chất lượng sống của người dân, làm đẹp, làm giàu cho Tổ Quốc, đưa Việt Nam trở thành điểm đến hấp dẫn của thế giới.","Lý tưởng của Sun Group là cùng chung một con thuyền, cùng người cầm lái đưa Sun Group tới những bến bờ vinh quang bằng những công trình ghi dấu ấn vượt thời gian.",4
"Mang trên mình sứ mệnh Người Khai Mở, một trong những mục tiêu Sun Group kiên định là góp phần xây dựng người Việt Nam mới với những đặc điểm gì?","Văn minh, chuyên nghiệp, nhân văn","Trung thành, trung thực, nhiệt tâm","Yêu nước, kỷ luật, giỏi chuyên môn","Phẩm chất, năng lực và sức khỏe bắt kịp thời cuộc",4
"Nội dung sau đây thể hiện giá trị cốt lõi nào đối với Tập đoàn Sun Group: ""Phát triển hướng tới những thế hệ mai sau, nuôi dưỡng và gìn giữ môi trường sống ổn định, xanh, sạch và văn minh""?",Đẳng cấp,Không thể hiện giá trị cốt lõi nào đối với Tập đoàn,Chất lượng,Khác biệt,3
"Nội dung sau đây thể hiện giá trị cốt lõi nào đối với Người Sun Group: ""Tuân thủ mọi chuẩn mực của Tập đoàn và hoàn thành mọi nhiệm vụ được giao đúng chất lượng và tiến độ cam kết.""?",Trình độ chuyên môn cao.,Nhiệt tâm.,Không thể hiện giá trị cốt lõi nào đối với Người Sun Group.,Trung thành và trung thực.,4
"Trong nội dung Đối với tập thể Người Sun Group có nêu rõ Người Sun Group dù đang ở bất cứ vị trí nào, thực hiện bất cứ công việc nào cũng sẽ luôn nỗ lực hết mình để hoàn thành xuất sắc vai trò, nhiệm vụ của mình. Bởi lẽ, Người Sun Group luôn cho rằng “…..........”; thành công chung của Tập đoàn được đóng góp từ tất cả các cá nhân ở mọi vị trí."" Câu còn thiếu trong dấu ba chấm là gì?",Hạnh phúc của Người Sun Group là trên những chặng đường cống hiến chứ không chỉ là đích đến.,Sun Group là tập thể của những người con yêu nước.,Thành công của đồng nghiệp cũng là thành công của bản thân mình và là thành công chung của cả Tập đoàn.,"Không có công việc tầm thường, chỉ có con người tầm thường.",4
"Hiền tài của Sun Group là những người hiểu được trách nhiệm và sự đóng góp của bản thân đối với sự thành công và lớn mạnh của Sun Group. Do đó, họ chủ động học hỏi, nỗ lực hoàn thiện bản thân và luôn xem sự trưởng thành liên tục của bản thân là yếu tố nền tảng và thước đo cho sự bền vững của tập thể, của Sun Group, của cộng đồng và của đất nước Việt Nam. Đây là nội dung nào trong Triết lý về Người Sun Group?",Tài,Làm gương và lan tỏa,Nhiệt tâm,Hiền,1
Nội dung nào sau đây KHÔNG thể hiện sứ mệnh Sun Group?,"Góp phần nâng cao vị thế đất nước, nâng cao chất lượng sống của người dân, làm đẹp, làm giàu cho Tổ quốc và đưa Việt Nam trở thành điểm đến hấp dẫn của thế giới.","Tìm đến những vùng đất giàu tiềm năng nhưng chưa được khai thác đúng tầm, làm thay đổi những vùng đất ấy, kiến tạo và đóng góp cho xã hội những công trình, sản phẩm/dịch vụ có đẳng cấp chất lượng vượt trội, trường tồn theo thời gian.","Tiên phong trong việc xây dựng văn hóa du lịch: văn minh, chuyên nghiệp và nhân văn ở Việt Nam.","Góp phần xây dựng Người Việt Nam mới với phẩm chất, năng lực và sức khỏe bắt kịp thời cuộc.",3
"Thấm nhuần triết lý “Hạt giống tốt chỉ nảy mầm và phát triển khi có môi trường thuận lợi”, Sun Group hướng tới xây dựng Môi trường làm việc như thế nào?",Môi trường làm việc Văn hóa – Nhân văn song hành với Trách nhiệm – Kỷ luật,"Môi trường làm việc văn hóa - nhân văn song hành cùng trung thành, gắn bó",Môi trường làm việc đề cao sáng tạo và linh hoạt,Môi trường làm việc áp lực và hiệu quả cao,1
"Người Sun Group không tự mãn với những thành công đã đạt được mà luôn khao khát phá vỡ những kỷ lục của chính mình, luôn đảm bảo chất lượng, đẳng cấp, khác biệt và tính nhân văn trong mọi việc, công trình sau tốt hơn công trình trước; Đây là nội dung thể hiện yếu tố nào trong Triết lý xây dựng và phát triển văn hóa của Sun Group?",Bản sắc,Hội nhập,Lan tỏa,Kế thừa,1
"Hiền tài của Sun Group là những người hiểu được trách nhiệm và sự đóng góp của bản thân đối với sự thành công và lớn mạnh của Sun Group. Do đó, họ chủ động học hỏi, nỗ lực hoàn thiện bản thân và luôn xem sự trưởng thành liên tục của bản thân là yếu tố nền tảng và thước đo cho sự bền vững của tập thể, của Sun Group, của cộng đồng và của đất nước Việt Nam. Đây là nội dung nào trong Triết lý về Người Sun Group?",Nhiệt tâm,Làm gương và lan tỏa,Tài,Hiền,3
"Nội dung sau đây thể hiện yếu tố nào trong Năng lực của Người Sun Group trong thời kì mới? ""Thích nghi, nắm bắt rõ văn hóa quốc gia, vùng miền, tổ chức để gia tăng cơ hội hội nhập; Thông hiểu và thuần thục ít nhất một ngoại ngữ thông dụng để nâng cao khả năng hội nhập.""",Năng suất lao động.,Cảm thụ nghệ thuật.,Năng lực cạnh tranh.,Tư duy hội nhập.,4
"Theo Nghị quyết, nếu “Văn hóa” là sợi chỉ đỏ xuyên suốt, kết nối các Vùng/Khối/Ban chức năng và các Đơn vị thành viên Sun Group thì ""Tư tưởng"" được coi là gì trong việc định hướng phát triển?",Hoa tiêu,Điều kỳ diệu,Sợi chỉ đỏ,Kim chỉ nam,4
"Mang trên mình sứ mệnh Người Khai Mở, một trong những mục tiêu Sun Group kiên định là ""Góp phần nâng cao vị thế đất nước, nâng cao ..., làm đẹp, làm giàu cho Tổ Quốc và đưa Việt Nam trở thành điểm đến hấp dẫn của thế giới."". Từ còn thiếu trong dấu ba chấm là gì?",Vị thế của người Việt Nam,Trí tuệ người Việt Nam,Sức khỏe người Việt Nam,Chất lượng sống của người dân,4
"Trong Triết lý xây dựng văn hóa của Sun Group, yếu tố Hội nhập cho biết Văn hóa Sun Group đã, đang và sẽ tiếp tục được bổ sung các tiêu chí văn hóa nào nhằm đảm bảo sự hội nhập của Sun Group cũng như Người Sun Group với môi trường phát triển năng động, văn minh và hiện đại của thế giới?",Văn hóa hiện đại,Văn hóa nước ngoài,Văn hóa truyền thống,Văn hóa học hỏi,1
"Người Sun Group sẽ luôn khẳng định vai trò Người đứng đầu với tầm nhìn chiến lược, tư duy làm chủ, thể hiện rõ nét tinh thần dám dấn thân, dám nghĩ, dám làm, biết làm và dám chịu trách nhiệm, nội dung này thể hiện vai trò của ai?",Người Việt Nam mới,Lãnh đạo và Quản lý,Quản lý,Lãnh đạo,2
"Nội dung nào sau đây thể hiện giá trị cốt lõi ""Trình độ chuyên môn cao"" đối với Người Sun Group?","Sáng tạo, đổi mới, đảm bảo kết quả công việc đạt hiệu quả cao hơn.",Tuân thủ mọi chuẩn mực của Tập đoàn và hoàn thành mọi nhiệm vụ được giao đúng chất lượng và tiến độ cam kết.,"Có tinh thần yêu nước, tự hào chia sẻ và hành động để gìn giữ những truyền thống của dân tộc Việt Nam.","Tin tưởng vào những việc mình làm, truyền cảm hứng và thúc đẩy người khác làm việc và sống tốt hơn.",1
"Trong vai trò là Lãnh đạo và Quản lý, Người đứng đầu cần thể hiện rõ nét tinh thần tinh thần dám dấn thân, dám nghĩ, dám làm, biết làm và dám chịu trách nhiệm với điều gì?",Quy trình và cách thức triển khai công việc của CBNV,"Nhiệm vụ mình được giao và kết quả của đơn vị, đội nhóm mà mình phụ trách","Năng lực chuyên môn, năng lực lãnh đạo của bản thân","Năng lực chuyên môn, năng suất lao động của CBNV",2
"Mang trên mình sứ mệnh Người Khai Mở, một trong những mục tiêu Sun Group kiên định là Góp phần nâng cao vị thế đất nước, nâng cao chất lượng sống của người dân, làm đẹp, làm giàu cho Tổ quốc và đưa Việt Nam trở thành điểm đến như thế nào?",Có nhiều công trình kỷ lục thế giới.,Hấp dẫn nhất thế giới.,Hấp dẫn của thế giới.,Có nhiều công trình ghi dấu ấn vượt thời gian.,3
"Người Sun Group xác định, “Sun Group là tập thể của những người con yêu nước”, theo đó, mỗi cá nhân phấn đấu học hỏi và nâng cấp bản thân, phấn đấu trở thành hình mẫu nào?",Đại sứ Văn hóa Sun Group,Cán bộ nguồn,Người Việt Nam mới,CBLĐ/CBQL cấp 2+,1
"""Người Sun Group không tự mãn với những thành công đã đạt được mà luôn khao khát phá vỡ những kỷ lục của chính mình, luôn đảm bảo chất lượng, đẳng cấp, khác biệt và tính nhân văn trong mọi việc, công trình sau tốt hơn công trình trước""; Đây là nội dung thể hiện yếu tố nào trong Triết lý xây dựng và phát triển văn hóa của Sun Group?",Bản sắc,Lan tỏa,Hội nhập,Kế thừa,1
"Nội dung sau đây thể hiện yếu tố nào trong Năng lực của Người Sun Group trong thời kì mới? ""Thích nghi, nắm bắt rõ văn hóa quốc gia, vùng miền, tổ chức để gia tăng cơ hội hội nhập; Thông hiểu và thuần thục ít nhất một ngoại ngữ thông dụng để nâng cao khả năng hội nhập.""",Năng suất lao động.,Cảm thụ nghệ thuật.,Tư duy hội nhập.,Năng lực cạnh tranh.,3
"Nội dung nào sau đây KHÔNG thể hiện giá trị cốt lõi ""Đẳng cấp"" của Tập đoàn Sun Group?","Tôn trọng và vì con người, mang lại giá trị phục vụ lợi ích, sự phát triển của cộng đồng và Người Sun Group.","Tiên phong kiến tạo những chuẩn mực về sản phẩm/dịch vụ mới mẻ, cao cấp và vượt trội hơn những chuẩn mực mà thị trường đang có.","Sản phẩm/dịch vụ sang trọng, có tính thẩm mỹ, ý nghĩa sâu sắc, giá trị kinh tế, giá trị sử dụng vượt trội so với thị trường chung trong lĩnh vực hoạt động, được công nhận bởi các tổ chức quốc tế có uy tín và được sự ghi nhận, trân trọng của cộng đồng trong nước và quốc tế.","Táo bạo tìm kiếm những cơ hội để làm vượt trội những gì người khác không làm, không dám làm hoặc không thể làm.",4
"Nội dung sau đây thể hiện yếu tố nào trong Phẩm chất của Người Sun Group trong thời kì mới? ""Sống ngay thẳng, trung thực, lương thiện, yêu thương và quan tâm chân thành đến những người xung quanh.""",Nhân cách tốt,Nhân văn,Khiêm nhường,Yêu nước,1
Nội dung nào sau đây thể hiện một trong các yếu tố về Phẩm chất của Người Sun Group trong thời kì mới?,"Có tinh thần yêu nước, tự hào chia sẻ và hành động để gìn giữ những truyền thống của dân tộc Việt Nam: đoàn kết, cần cù, tiết kiệm, chịu khó, cầu tiến, ham học hỏi.","Lạc quan, tích cực, luôn tràn đầy hi vọng, niềm vui và hạnh phúc.","Tìm hiểu, lựa chọn thưởng thức nhằm nâng cao khả năng cảm thụ về các loại hình nghệ thuật.","Khỏe mạnh về thể chất, có sức bền, sự dẻo dai, chịu được áp lực công việc cao, có thói quen rèn luyện thể dục thể thao đều đặn.",1
"""Người Sun Group không tự mãn với những thành công đã đạt được mà luôn khao khát phá vỡ những kỷ lục của chính mình, luôn đảm bảo chất lượng, đẳng cấp, khác biệt và tính nhân văn trong mọi việc, công trình sau tốt hơn công trình trước""; Đây là nội dung thể hiện yếu tố nào trong Triết lý xây dựng và phát triển văn hóa của Sun Group?",Bản sắc,Hội nhập,Lan tỏa,Kế thừa,1
"Người Sun Group luôn có thái độ chia sẻ, hỗ trợ và thẳng thắn góp ý trên tinh thần xây dựng; tự hào, hạnh phúc với thành công của đồng nghiệp và cấp dưới bởi Người Sun Group hiểu rõ điều gì?",Hạt giống tốt chỉ nảy mầm và phát triển khi có môi trường thuận lợi,Thành công của đồng nghiệp cũng là thành công của bản thân mình và là thành công chung của cả Tập đoàn,"Ngước lên cao để thấy mình còn thấp, nhìn xuống thấp để biết mình chưa cao","Không có công việc tầm thường, chỉ có con người tầm thường",2
"Nội dung nào sau đây thể hiện giá trị cốt lõi ""Đẳng cấp"" của Tập đoàn Sun Group?","Tiên phong đi đầu, dám nhận và chịu trách nhiệm đến cùng nhiệm vụ được giao","Hướng đến sự độc đáo riêng có hoặc hiếm có, khó có thể sao chép được trong sản phẩm/dịch vụ","Phát triển hướng tới những thế hệ mai sau, nuôi dưỡng và gìn giữ môi trường sống ổn định, xanh, sạch và văn minh","Tiên phong kiến tạo những chuẩn mực về sản phẩm/dịch vụ mới mẻ, cao cấp và vượt trội hơn những chuẩn mực mà thị trường đang có",4
"Nội dung sau đây thể hiện giá trị cốt lõi nào đối với Tập đoàn Sun Group: ""Sản phẩm/dịch vụ được công nhận bởi các tổ chức quốc tế có uy tín và được sự ghi nhận, trân trọng của cộng đồng trong nước và quốc tế""?",Chất lượng,Đẳng cấp,Khác biệt,Không thể hiện giá trị cốt lõi nào đối với Tập đoàn,2
"""Hiền tài của Sun Group là những người hiểu được trách nhiệm và sự đóng góp của bản thân đối với sự thành công và lớn mạnh của Sun Group. Do đó, họ chủ động học hỏi, nỗ lực hoàn thiện bản thân và luôn xem sự trưởng thành liên tục của bản thân là yếu tố nền tảng và thước đo cho sự bền vững của tập thể, của Sun Group, của cộng đồng và của đất nước Việt Nam."" Đây là nội dung nào trong Triết lý về Người Sun Group?",Tài,Nhiệt tâm,Làm gương và lan tỏa,Hiền,1
"Theo Triết lý về Người Sun Group, Hiền Tài của Sun Group thể hiện tinh thần làm gương và lan tỏa thông qua điều gì?","Luôn hành động theo những giá trị cốt lõi của Người Sun Group, tự hào làm gương, chia sẻ niềm tin, lan tỏa giá trị của Sun Group tới đồng nghiệp và là nguồn cảm hứng cho đồng nghiệp","Vượt trội trong năng lực chuyên môn, hướng đến đa năng, có thể làm nhiều việc với hiệu quả cao","Luôn sống lạc quan, tích cực, tràn đầy hi vọng, niềm vui và hạnh phúc","Nhiệt huyết, quyết tâm, dấn thân và chịu trách nhiệm đến cùng với công việc mình được giao; đồng thời luôn phối hợp tốt với đồng nghiệp",1
"Mang trên mình sứ mệnh Người Khai Mở, một trong những mục tiêu Sun Group kiên định là ""Góp phần nâng cao vị thế đất nước, nâng cao ..., làm đẹp, làm giàu cho Tổ Quốc và đưa Việt Nam trở thành điểm đến hấp dẫn của thế giới."". Từ còn thiếu trong dấu ba chấm là gì?",Sức khỏe người Việt Nam,Trí tuệ người Việt Nam,Chất lượng sống của người dân,Vị thế của người Việt Nam,3
"“Văn hóa Sun Group đã, đang và sẽ tiếp tục được bổ sung các tiêu chí văn hóa hiện đại, nhằm đảm bảo sự hội nhập của Sun Group cũng như Người Sun Group với môi trường phát triển năng động, văn minh và hiện đại của thế giới.” Đây là nội dung của yếu tố văn hóa nào của Sun Group?",Hội nhập,Lan tỏa,Bản sắc,Kế thừa,1
"""Chất lượng - Đẳng cấp - Khác biệt"" thể hiện nội dung gì trong Tư tưởng - Văn hóa Sun Group?",Sứ mệnh Sun Group.,Giá trị cốt lõi đối với Tập đoàn Sun Group.,Lý tưởng Sun Group.,Tầm nhìn Sun Group.,2
Nội dung nào sau đây thể hiện yếu tố Lan tỏa trong Triết lý xây dựng văn hóa của Sun Group?,Người Sun Group luôn chủ động lan tỏa các giá trị tốt đẹp đó tới đồng nghiệp để cùng nhau xây dựng tập thể Người Sun Group là đại diện của Người Việt Nam mới,"Không chỉ lan tỏa các giá trị tốt đẹp trong nội bộ Tập đoàn mà bằng những hành động cụ thể, góp phần lan tỏa những giá trị văn hóa tới đối tác, cộng đồng, hướng tới mục tiêu xây dựng xã hội ngày một tốt đẹp và nhân văn hơn","Góp phần nâng cao vị thế đất nước, nâng cao chất lượng sống của người dân, làm đẹp, làm giàu cho Tổ quốc","Tiên phong trong việc xây dựng văn hóa du lịch: văn minh, chuyên nghiệp và nhân văn ở Việt Nam",2
"Trong Triết lý xây dựng văn hóa của Sun Group, yếu tố Hội nhập cho biết Văn hóa Sun Group đã, đang và sẽ tiếp tục được bổ sung các tiêu chí văn hóa nào nhằm đảm bảo sự hội nhập của Sun Group cũng như Người Sun Group với môi trường phát triển năng động, văn minh và hiện đại của thế giới?",Văn hóa nước ngoài,Văn hóa hiện đại,Văn hóa truyền thống,Văn hóa học hỏi,2
"""Người Sun Group sẽ luôn khẳng định vai trò Người đứng đầu với tầm nhìn chiến lược, tư duy làm chủ, thể hiện rõ nét tinh thần dám dấn thân, dám nghĩ, dám làm, biết làm và dám chịu trách nhiệm"", nội dung này thể hiện vai trò của ai?",Người Việt Nam mới,Lãnh đạo,Lãnh đạo và Quản lý,Quản lý,3
Nội dung nào sau đây thể hiện một trong các yêu cầu về Năng lực cạnh tranh của Người Sun Group trong thời kì mới?,"Tiên phong sáng tạo, đổi mới, tạo ra những lợi thế cạnh tranh độc đáo, khác biệt cho Việt Nam trên cộng đồng quốc tế.","Tìm hiểu, lựa chọn thưởng thức nhằm nâng cao khả năng cảm thụ về các loại hình nghệ thuật.",Thông hiểu và thuần thục ít nhất một ngoại ngữ thông dụng để nâng cao khả năng hội nhập.,"Sống văn minh, cởi mở học hỏi, hoàn thiện bản thân để theo kịp với thời cuộc và sự phát triển của tổ chức, của xã hội.",1
Nội dung nào sau đây thể hiện Tư duy hội nhập của Người Sun Group trong thời kì mới?,"Có năng suất lao động cao, ngang bằng nước tiên tiến nhất trong khu vực Đông Nam Á.","Thích nghi, nắm bắt rõ văn hóa quốc gia, vùng miền, tổ chức để gia tăng cơ hội hội nhập.","Có lối sống lành mạnh, không hút thuốc, hạn chế rượu bia, biết thụ hưởng và cân bằng công việc và cuộc sống.","Có khả năng lan tỏa, truyền cảm hứng và gắn kết sức mạnh của đội ngũ.",2
"Sun Group hướng tới xây dựng môi trường là nơi đến để sống, nơi luôn mang lại nguồn cảm hứng, sự yêu đời, yêu người cho mỗi Người Sun Group như câu thơ đầy ý nghĩa nào?",Hạt giống tốt chỉ nảy mầm và phát triển khi có môi trường thuận lợi.,"Ngước lên cao để thấy mình còn thấp, nhìn xuống thấp để biết mình chưa cao.",Hạnh phúc của Người Sun Group là trên những chặng đường cống hiến chứ không chỉ là đích đến.,"Cám ơn đời mỗi sớm mai thức dậy, ta có thêm ngày mới để yêu thương.",4
"Người Sun Group luôn sống khiêm nhường, thực chất, giản dị với triết lý nào?",Thành công của đồng nghiệp cũng là thành công của bản thân mình và là thành công chung của cả Tập đoàn.,Hạt giống tốt chỉ nảy mầm và phát triển khi có môi trường thuận lợi.,Hạnh phúc của Người Sun Group là trên những chặng đường cống hiến chứ không chỉ là đích đến.,"Ngước lên cao để thấy mình còn thấp, nhìn xuống thấp để biết mình chưa cao.",4
Yêu cầu về Năng lực (Kiến thức – Kỹ năng – Kinh nghiệm) của Người Sun Group trong thời kì mới bao gồm những yếu tố nào?,Năng lực cạnh tranh - Tư duy hội nhập - Cảm thụ nghệ thuật.,Nhân cách tốt - Ý thức tốt - Sức khỏe tốt.,Năng lực cạnh tranh - Năng suất lao động - Tư duy hội nhập - Ý thức vì cộng đồng - Cảm thụ nghệ thuật.,Năng suất lao động cao - Sức khỏe tốt - Biết cảm nhận nghệ thuật.,3
"Trong nội dung Đối với tập thể Người Sun Group, Người Sun Group xác định điều gì để theo đó, mỗi cá nhân phấn đấu học hỏi và nâng cấp bản thân, phấn đấu trở thành Đại sứ Văn hóa Sun Group, khẳng định tình yêu với Tập đoàn và niềm tự hào khi là thành viên của tập thể Sun Group, tập thể với lý tưởng cao đẹp đang góp phần xây dựng hình ảnh Người Việt Nam mới trong lao động, đóng góp cho sự phát triển của đất nước?","Không có công việc tầm thường, chỉ có con người tầm thường.",Phấn đấu trở thành “Hiền tài” thay vì “Người tài”.,Sun Group không giữ người bằng tiền và không đón nhận những người đến với Tập đoàn chỉ vì tiền.,Sun Group là tập thể của những người con yêu nước.,4
"Mang trên mình sứ mệnh Người Khai Mở, một trong những mục tiêu Sun Group kiên định là tìm đến những vùng đất giàu tiềm năng nhưng chưa được khai thác đúng tầm, làm thay đổi những vùng đất ấy, kiến tạo và đóng góp cho xã hội những công trình, sản phẩm/dịch vụ thế nào?",Chất lượng vượt trội.,Đẳng cấp chất lượng vượt trội và trường tồn theo thời gian.,Ghi dấu ấn vượt thời gian.,"Đẳng cấp, chất lượng, khác biệt.",2
"CBLĐ/CBQL Sun Group bên cạnh việc là tấm gương về tinh thần kỷ luật, thể hiện rõ nét vai trò/trách nhiệm của người đứng đầu; biết lắng nghe, khích lệ, truyền cảm hứng để đội ngũ cùng chung vai góp sức đạt mục tiêu chung thì còn cần thể hiện điều gì?",Là tấm gương về năng lực chuyên môn vượt trội để có thể hướng dẫn cho nhân viên những kỹ thuật sâu trong chuyên môn mà nhân viên chưa giỏi,"Là niềm tin - chỗ dựa cho nhân viên, bao bọc cho nhân viên nếu mắc lỗi sai; động viên đội ngũ khi nỗ lực hết sức mà kết quả chưa tốt",Là chỗ dựa cho nhân viên - lực đẩy cho sự phát triển của tổ chức,"Là niềm tin - chỗ dựa cho nhân viên, luôn thể hiện sự nhân văn, yêu thương với CBNV trong mọi hoàn cảnh",3
"Nội dung nào sau đây thể hiện giá trị cốt lõi ""Khác biệt"" của Tập đoàn Sun Group?",Sản phẩm/dịch vụ nhận được sự ghi nhận và trân trọng của cộng đồng trong nước và quốc tế.,"Góp phần nâng cao vị thế đất nước, nâng cao chất lượng sống của người dân, làm đẹp, làm giàu cho Tổ quốc.","Hướng đến sự độc đáo riêng có hoặc hiếm có, khó có thể sao chép được trong sản phẩm/dịch vụ.",Đảm bảo chất lượng sản phẩm và dịch vụ hướng đến chuẩn mực quốc tế và bền vững với thời gian.,3
"Trong nội dung Tầm nhìn Sun Group, các lĩnh vực đầu tư chiến lược của Sun Group là gì?","Du lịch nghỉ dưỡng, Vui chơi giải trí, Bất động sản, Đầu tư hạ tầng","Du lịch nghỉ dưỡng, Vui chơi giải trí, Bất động sản, Dịch vụ y tế","Du lịch nghỉ dưỡng, Vui chơi giải trí, Bất động sản, Tài chính Ngân hàng","Du lịch nghỉ dưỡng, Vui chơi giải trí, Bất động sản, Biểu diễn Nghệ thuật",1
"Bên cạnh các yếu tố: Kế thừa - Hội nhập - Bản sắc, Văn hóa Sun Group còn kiên định với yếu tố nào?",Trung thực,Lan tỏa,Nhân văn,Nhiệt tâm,2
"Mang trên mình sứ mệnh Người Khai Mở, một trong những mục tiêu Sun Group kiên định là tìm đến những vùng đất như thế nào để làm thay đổi những vùng đất ấy?","Giàu tiềm năng và đã được nhiều doanh nghiệp khai thác, phát triển mạnh mẽ","Các thành phố lớn, điều kiện hạ tầng tốt để thuận tiện phát triển các hoạt động kinh doanh","Đang còn nghèo khó, chưa được quan tâm phát triển",Giàu tiềm năng nhưng chưa được khai thác đúng tầm,4
"Mang trên mình sứ mệnh Người Khai Mở, một trong những mục tiêu Sun Group kiên định là gì?","Xây dựng văn hóa du lịch: văn minh, chuyên nghiệp, nhân văn.","Xác định ""Con Người"" là yếu tố căn bản và then chốt tạo ra sự phát triển bền vững của mình.","Luôn nhằm nâng cao vị thế đất nước, nâng cao chất lượng cuộc sống của người dân, làm đẹp, làm giàu cho Tổ Quốc.","Góp phần xây dựng Người Việt Nam mới với phẩm chất, năng lực và sức khỏe bắt kịp thời cuộc.",4
"Nội dung sau đây thể hiện giá trị cốt lõi nào đối với Người Sun Group: ""Tin tưởng vào những việc mình làm, truyền cảm hứng và thúc đẩy người khác làm việc và sống tốt hơn""?",Trình độ chuyên môn cao.,Không thể hiện giá trị cốt lõi nào đối với Người Sun Group.,Nhiệt tâm.,Trung thành và trung thực.,3
"Trong nội dung Tầm nhìn Sun Group, Sun Group tiên phong xây dựng văn hóa du lịch bao gồm những yếu tố gì?","Văn hóa, văn minh, chuyên nghiệp, nhân văn","Bài bản, thân thiện, chuyên nghiệp, nhân văn","Bài bản, văn minh, chuyên nghiệp, lan tỏa","Văn minh, chuyên nghiệp, nhân văn",4
"Trong nội dung Đối với tập thể Người Sun Group, Người Sun Group xác định điều gì để theo đó, mỗi cá nhân phấn đấu học hỏi và nâng cấp bản thân, phấn đấu trở thành Đại sứ Văn hóa Sun Group, khẳng định tình yêu với Tập đoàn và niềm tự hào khi là thành viên của tập thể Sun Group, tập thể với lý tưởng cao đẹp đang góp phần xây dựng hình ảnh Người Việt Nam mới trong lao động, đóng góp cho sự phát triển của đất nước?","Không có công việc tầm thường, chỉ có con người tầm thường.",Phấn đấu trở thành “Hiền tài” thay vì “Người tài”.,Sun Group không giữ người bằng tiền và không đón nhận những người đến với Tập đoàn chỉ vì tiền.,Sun Group là tập thể của những người con yêu nước.,4
"Đối với triết lý Xây dựng và phát triển văn hóa, Sun Group kiên định với các yếu tố nào?",Chất lượng; Đẳng cấp; Khác biệt,Trung thành và Trung thực; Nhiệt tâm; Trình độ chuyên môn cao,Yêu nước; Hài hòa; Lan tỏa,Kế thừa; Hội nhập; Bản sắc; Lan tỏa,4
"Mang trên mình sứ mệnh Người Khai Mở, một trong những mục tiêu Sun Group kiên định là tìm đến những vùng đất giàu tiềm năng nhưng chưa được khai thác đúng tầm, làm thay đổi những vùng đất ấy, kiến tạo và đóng góp cho xã hội những công trình, sản phẩm/dịch vụ thế nào?",Chất lượng vượt trội.,Đẳng cấp chất lượng vượt trội và trường tồn theo thời gian.,Ghi dấu ấn vượt thời gian.,"Đẳng cấp, chất lượng, khác biệt.",2
Nội dung nào sau đây KHÔNG PHẢI là triết lý hoạt động của Sun Group?,Triết lý về sự hài hòa,Triết lý về sự nhân văn,Triết lý về lòng yêu nước,"Triết lý ""Đứng trên vai người khổng lồ""",2
"Nội dung nào sau đây thể hiện triết lý ""Đứng trên vai người khổng lồ"" của Sun Group?","Đảm bảo sự phát triển của mình luôn có sự đồng hành của những Tập đoàn lớn, những cá nhân có tên tuổi và uy tín, các công trình luôn gắn với các thương hiệu lớn trên thế giới.","Đảm bảo sự phát triển của mình luôn có sự đồng hành của những người nổi tiếng, có uy tín trong mọi lĩnh vực trên thế giới.",Đảm bảo sự phát triển của mình luôn có sự đồng hành của các cơ quan nhà nước và các Công ty/Tập đoàn lớn ở Việt Nam.,Đảm bảo sự phát triển của mình luôn có sự đồng hành của những nhân sự tốt nhất thế giới trong các lĩnh vực mình tham gia.,1
Triết lý về Người Sun Group đã định nghĩa rõ về tiêu chí HIỀN và TÀI; theo đó tiêu chí HIỀN được mô tả như thế nào?,"Luôn hành động theo những giá trị cốt lõi của Người Sun Group, tự hào làm gương, chia sẻ niềm tin, lan tỏa giá trị của Sun Group tới đồng nghiệp","Sống văn minh, cởi mở học hỏi, hoàn thiện bản thân để theo kịp với thời cuộc và sự phát triển của tổ chức, của xã hội","Vừa sống khiêm nhường, trung thực, tự trọng vừa hết lòng hỗ trợ, động viên đồng nghiệp với tinh thần trách nhiệm vì tập thể và vì cộng đồng","Vượt trội trong năng lực chuyên môn, hướng đến đa năng, có thể làm nhiều việc với hiệu quả cao",3
"Với tôn chỉ phát triển bền vững, một trong những tầm nhìn của Sun Group là phấn đấu trở thành một trong những Tập đoàn kinh tế tư nhân Việt Nam như thế nào?",Tập đoàn kinh tế tư nhân đứng đầu Việt Nam,Tập đoàn phát triển bền vững,Có quy mô và đẳng cấp quốc tế,Tập đoàn kinh tế tư nhân Việt Nam có vốn hóa hàng đầu trên thị trường chứng khoán.,3
"Thể hiện Giá trị cốt lõi Đẳng cấp, Sun Group tiên phong kiến tạo những chuẩn mực như thế nào về sản phẩm/dịch vụ?",Hướng đến chuẩn mực chung của thị trường,"Độc đáo riêng có hoặc hiếm có, khó có thể sao chép được trong sản phẩm/dịch vụ","Mới mẻ, cao cấp và vượt trội hơn những chuẩn mực mà thị trường đang có","Gắn với sự phát triển bền vững, gìn giữ môi trường sống ổn định, xanh, sạch và văn minh",3
"Với các nhiệm vụ được giao dù có khó khăn, thách thức; mỗi thành viên Sun Group cần thể hiện tinh thần Nhiệt tâm của mình thế nào?","Tin tưởng tuyệt đối, sẵn sàng đấu tranh và hy sinh lợi ích cá nhân để theo đuổi lý tưởng và khát vọng của Tập đoàn.","Tiên phong đi đầu, dám nhận và chịu trách nhiệm đến cùng nhiệm vụ được giao.","Sáng tạo, đổi mới, đảm bảo kết quả công việc đạt hiệu quả cao hơn.",Tuân thủ mọi chuẩn mực của Tập đoàn và hoàn thành mọi nhiệm vụ được giao đúng chất lượng và tiến độ cam kết.,2
"Mang trên mình sứ mệnh Người Khai Mở, một trong những mục tiêu Sun Group kiên định là ""Góp phần nâng cao vị thế đất nước, nâng cao ..., làm đẹp, làm giàu cho Tổ Quốc và đưa Việt Nam trở thành điểm đến hấp dẫn của thế giới."". Từ còn thiếu trong dấu ba chấm là gì?",Trí tuệ người Việt Nam,Sức khỏe người Việt Nam,Chất lượng sống của người dân,Vị thế của người Việt Nam,3
Nội dung nào sau đây là một trong những yêu cầu đối với Lãnh đạo và Quản lý Sun Group?,"Người Sun Group luôn cho rằng “Không có công việc tầm thường, chỉ có con người tầm thường”; thành công chung của Tập đoàn được đóng góp từ tất cả các cá nhân ở mọi vị trí.",Thành công của đồng nghiệp cũng là thành công của bản thân mình và là thành công chung của cả Tập đoàn.,"Luôn khẳng định vai trò Người đứng đầu với tầm nhìn chiến lược, tư duy làm chủ, thể hiện rõ nét tinh thần dám dấn thân, dám nghĩ, dám làm, biết làm và dám chịu trách nhiệm.","Sun Group hướng tới xây dựng môi trường là nơi đến để sống, nơi luôn mang lại nguồn cảm hứng, sự yêu đời, yêu người cho mỗi Người Sun Group.",3
"Nội dung nào sau đây thể hiện giá trị cốt lõi ""Trung thành và trung thực"" đối với Người Sun Group?","Tin tưởng tuyệt đối, sẵn sàng đấu tranh và hy sinh lợi ích cá nhân để theo đuổi lý tưởng và khát vọng của Tập đoàn","Tin tưởng vào những việc mình làm, truyền cảm hứng và thúc đẩy người khác làm việc và sống tốt hơn","Chủ động học hỏi, nỗ lực hoàn thiện bản thân",Quyết liệt tự phê và phê một cách trực diện những điểm yếu của bản thân và đồng nghiệp để cùng trưởng thành,1
Tôn chỉ về sự phát triển của Sun Group là gì?,Phát triển nhanh mạnh và dẫn đầu mọi lĩnh vực đầu tư mà Sun Group tham gia,Phát triển bền vững,"Phát triển nhanh, mạnh và hài hòa",Phát triển hài hòa,2
Nội dung nào sau đây thể hiện yêu cầu về Năng lực cảm thụ nghệ thuật của Người Sun Group trong thời kì mới?,"Hiểu, cập nhật và tận dụng những thay đổi về công nghệ của thế giới vào các hoạt động sống và làm việc.","Thích nghi, nắm bắt rõ văn hóa quốc gia, vùng miền, tổ chức để gia tăng cơ hội hội nhập.","Có năng suất lao động cao, ngang bằng nước tiên tiến nhất trong khu vực Đông Nam Á.","Tìm hiểu, lựa chọn thưởng thức nhằm nâng cao khả năng cảm thụ về các loại hình nghệ thuật.",4
"Trong triết lý về Người Sun Group,""Hiền tài"" của Sun Group được định nghĩa là người như thế nào?","Là những người có thể chất khỏe mạnh, tinh thần khỏe mạnh, lối sống lành mạnh","Là những người ""vừa hồng vừa chuyên"" - vừa có đức vừa có tài - vừa có nhân cách tốt vừa có năng lực chuyên môn giỏi","Là những người ""vừa hồng vừa chuyên"" - vừa có nhân cách đạo đức tốt, vừa có lối sống lành mạnh","Là những người ""vừa hồng vừa chuyên"" - vừa có lý tưởng vừa có năng lực cạnh tranh và lối sống khiêm nhường",2
"Nội dung sau đây thể hiện yếu tố nào trong Năng lực của Người Sun Group trong thời kì mới? ""Thích nghi, nắm bắt rõ văn hóa quốc gia, vùng miền, tổ chức để gia tăng cơ hội hội nhập; Thông hiểu và thuần thục ít nhất một ngoại ngữ thông dụng để nâng cao khả năng hội nhập.""",Năng lực cạnh tranh.,Cảm thụ nghệ thuật.,Tư duy hội nhập.,Năng suất lao động.,3
"Trong nội dung về Lý tưởng Sun Group dưới đây, từ còn thiếu trong dấu ba chấm là gì? ""Lý tưởng của Sun Group là cùng chung một con thuyền, cùng người cầm lái đưa Sun Group tới những bến bờ vinh quang bằng những công trình…."".",Ghi dấu ấn vượt thời gian.,"Đẳng cấp, chất lượng, khác biệt.",Có đẳng cấp quốc tế.,Hàng đầu Việt Nam.,1
Người Sun Group phấn đấu trở thành “Hiền Tài” thay vì “Người tài”; đảm bảo hội tụ đủ các giá trị cốt lõi “Trung thành và trung thực – Nhiệt tâm – Trình độ chuyên môn cao” và cần thể hiện điều gì?,"Thể hiện khả năng lan tỏa, truyền cảm hứng mọi lúc, mọi nơi",Thể hiện các giá trị cốt lõi bằng hành vi cụ thể,"Thể hiện tinh thần sẻ chia, thông cảm với các hạn chế và yếu điểm của đồng nghiệp",Thể hiện khả năng cảm thụ về các loại hình nghệ thuật,2
"Từ còn thiếu trong dấu ba chấm sau đây là gì? ""Triết lý ….: đảm bảo cho sự phát triển của mình luôn có sự đồng hành của những tập đoàn lớn, những cá nhân có tên tuổi và uy tin, các công trình luôn gắn với các thương hiệu lớn trên thế giới.""",Phát triển bền vững,Về sự hài hòa,Đứng trên vai người khổng lồ,Về lòng yêu nước,3
"Khách sạn Capella Hà Nội có bao nhiêu phòng, các phòng được đặt tên theo nguyên tắc nào?","47 phòng, được đặt tên theo các huyền thoại lừng danh thế giới","58 phòng, được đặt tên theo các công trình nổi tiếng thế giới","30 phòng, được đặt tên theo các thành phố lớn trên thế giới","65 phòng, được đặt tên theo các ngôi sao thể thao thế giới",1
Cáp treo nữ hoàng là công trình thuộc công viên nào của Khối Sun World?,Asia Park,Sun World Bà Nà Hills,Sun World Ha Long,Sun World Fansipan Legend,3
Dự án nào giành được giải thưởng Dự án tái phát triển đô thị tốt nhất Việt Nam tại Giải thưởng BĐS Châu Á Thái Bình Dương (APPA) 2023?,Sun Grand Marina Town,Sun Beauty Onsen,Sunneva Island,Sun Tropical Village,3
"Khi thiết kế khách sạn này, Bill Bensley đã hình dung khách sạn như một quán trọ nhỏ, chào đón các ca sĩ opera, nghệ sĩ, nhà soạn nhạc, nhà thiết kế… đến thăm và nghỉ lại trước hoặc sau đêm diễn; đó là khách sạn nào?",Capella Hanoi,JW Marriott Phu Quoc Emerald Bay Resort,Novotel Danang Premier Han River,Hotel de la Coupole - MGallery Sapa,1
"Ngày 23/11/2023 vừa qua, Sun Group lần thứ 4 liên tiếp được nhận được giải thưởng nào?",TOP 100 Nơi làm việc tốt nhất Đông Nam Á,TOP 100 Nơi làm việc tốt nhất Châu Á,Doanh nghiệp bất động sản có môi trường làm việc tốt nhất,TOP 100 Nơi làm việc tốt nhất Việt Nam,4
Nội dung nào sau đây mô tả đúng nhất về Hotel de la Coupole – Mgallery?,Được thiết kế như một bảo tàng nghệ thuật,Mang phong cách của một nhà hát Opera những năm 1920,Khu nghỉ dưỡng và spa đẳng cấp quốc tế được vị kiến trúc sư lừng danh Bill Bensley thiết kế dựa trên ý tưởng về một ngôi trường đại học giả tưởng từ thế kỷ 19,Là sự hoà quyện của sắc màu dân tộc thiểu số cùng sự quyến rũ của thời trang những năm 1920-1930 với phong cách Pháp Thượng Lưu,4
"Thương hiệu nào ra mắt năm 2017 quy tụ các Công viên, tổ hợp vui chơi giải trí của Sun Group?",Sun Hospitality,Sun Property,Sun PMC,Sun World,4
Cầu Vàng - cây cầu đi bộ ấn tượng nhất thế giới được ra mắt vào thời gian nào?,2018,2017,2019,2016,1
"Năm 2009 Sun Group khánh thành tuyến cáp treo đầu tiên, tuyến cáp treo này thuộc khu khu du lịch nào?",Sun World Ba Na Hills,Sun World Ha Long Complex,Sun World Phu Quoc,Sun World Ba Den Mountain,1
"Cầu Vàng - biểu tượng du lịch Việt Nam, Kỳ quan mới của Thế giới nằm trong quần thể khu vui chơi giải trí nào của Sun Group?",Sun World Phu Quoc,Sun World Ha Long Complex,Sun World Ba Den Mountain,Sun World Ba Na Hills,4
Hệ thống cáp treo tại Sun World Ha Long đạt kỷ lục thế giới với cabin có sức chứa lớn nhất thế giới với bao nhiêu người?,170 người,200 người,150 người,230 người,4
"Năm 2023, Cầu Vàng - biểu tượng du lịch Việt Nam, Kỳ quan mới của Thế giới kỷ niệm bao nhiêu năm ngày ra mắt?",6 năm,5 năm,4 năm,7 năm,2
Lãnh đạo Sun Group chính thức mở rộng hoạt động đầu tư tại Việt Nam từ năm nào?,2005,2007,2006,2004,2
"Thương hiệu Sun Hospitality Group quy tụ các khách sạn, khu nghỉ dưỡng của Sun Group được ra mắt vào thời gian nào?",2017,2020,2018,2019,3
"Ra mắt năm 2023 tại Sun World Fansipan Legend, không gian văn hóa - nơi hội tụ tinh hoa văn hóa Tây Bắc có tên là gì?",Cầu Mây,Bản Mây,Hàm Rồng,Thung lũng hoa hồng,2
Dự án nào giành được giải thưởng Dự án BĐS nghỉ dưỡng có kiến trúc tốt nhất Việt Nam tại Giải thưởng BĐS Châu Á Thái Bình Dương (APPA) 2023?,Sun Beauty Onsen,Sun Secret Valley Phú Quốc,Sun Tropical Village,Sun Grand Boulevard,1
"Công trình nào do Bill Bensley thiết kế là nơi tái hiện, lưu giữ những nét độc đáo nhất của phong cách nghệ thuật Mid Century Modern giữa thế kỷ 20?",InterContinental Sun Peninsula Resort,Hotel de la Coupole - MGallery,JW Marriott Emerald Bay Resort,Sun Signature Gallery,4
"Năm 2023, Sun World Fansipan Legend được vinh danh ở hạng mục giải thưởng nào của World Travel Awards?",Điểm du lịch văn hóa hàng đầu Việt Nam,Công viên chủ đề hàng đầu Việt Nam,Điểm đến du lịch tâm linh hàng đầu thế giới,Điểm đến du lịch giải trí hàng đầu thế giới,1
"Được thiết kế bởi Luke Donald và quản lý bởi Tập đoàn IMG, Bana Hills Golf Club đang vận hành sân golf có bao nhiêu lỗ?",38,36,18,40,3
Câu chuyện về khách sạn La Festa Phú Quốc lấy cảm hứng từ câu chuyện gì?,Cảm hứng từ cuộc đời của một ca sĩ hát opera,Cảm hứng từ truyện cổ tích Lọ Lem,Cảm hứng từ cuộc du hành vượt thời gian,Cảm hứng từ cuộc hành trình của 1 thương nhân buôn đồ gốm,4
Thị trấn Hoàng hôn - Sunset Town tại Phú Quốc được mệnh danh là thị thấn của điều gì?,Lãng mạn và Yên bình,Sáng tạo và Màu sắc,Tình yêu và Nghệ thuật,Khác biệt và Đẳng cấp,3
"Năm 2018, Sun Group khai trương 03 công trình giao thông Không - Thủy - Bộ tại Quảng Ninh là những công trình nào?",- Tuyến Cáp treo Cát Hải - Phù Long - Khu Nghỉ dưỡng Premier Village Ha Long Bay - Cảng Hàng không Quốc tế Vân Đồn,- Cảng Hàng không Quốc tế Vân Đồn - Cảng tàu khách Quốc tế Hạ Long - Đường cao tốc Hạ Long - Vân Đồn,- Cảng Hàng không Quốc tế Vân Đồn - Cảng tàu khách Quốc tế Hạ Long - Tuyến cao tốc Vân Đồn - Móng Cái,- Cảng Hàng không Quốc tế Cát Bà - Tuyến Cáp treo Cát Hải - Phù Long - Tuyến cao tốc Hạ Long - Vân Đồn,2
"""Cáp treo nữ hoàng"" là công trình thuộc công viên nào của Khối Sun World?",Sun World Ha Long,Sun World Fansipan Legend,Asia Park,Sun World Bà Nà Hills,1
Đâu là dự án khách sạn khai trương đầu tiên do Sun Group đầu tư?,Novotel Danang Premier Han River,InterContinental Danang Sun Peninsula Resort,Mercure French Village Bana Hills,Premier Village Đà Nẵng,2
Tập đoàn Sun Group được thành lập ở đâu và vào thời gian nào?,Năm 1998 Sun Group được thành lập tại Ukraine,Năm 1997 Sun Group được thành lập tại Ukraine,  Năm 1999 Sun Group được thành lập tại Kharkov,  Năm 1996 Sun Group được thành lập tại Kharkov,1
Năm 2017 đánh dấu sự kiện gì của Tập đoàn Sun Group?,Khai trương Novotel Danang Premier Han River Hotel (Đà Nẵng),  Chính thức khánh thành InterContinental Danang Sun Peninsula Resort,"  Ra mắt thương hiệu Sun World, quy tụ các công viên, tổ hợp vui chơi giải trí của Sun Group",  Thành lập Công ty CP Dịch vụ Cáp treo Bà Nà,3
Năm 2018 đánh dấu sự kiện gì của Tập đoàn Sun Group?,Khánh thành tòa nhà văn phòng Sun City,  Khánh thành tuyến cáp treo đầu tiên Suối Mơ – Bà Nà,  Khai trương khu du lịch Sun World Ba Na Hills,"  Ra mắt thương hiệu Sun Hospitality Group quy tụ các khách sạn, khu nghỉ dưỡng của Sun Group",4
Khu du lịch Sun World Fansipan Legend đã được vinh danh tại hạng mục giải thưởng nào và ở đâu?,"Trong khuôn khổ Lễ trao giải thưởng “ASIA AWARD” 2023 tại Singapore, khu du lịch Sun World Fansipan Legend đã được vinh danh tại hạng mục giải thưởng Top 10 điểm đến du lịch tiêu biểu châu Á","  Trong khuôn khổ Lễ trao giải thưởng “ASIA AWARD” 2023 tại Singapore, khu du lịch Sun World Ba Na Hills đã được vinh danh tại hạng mục giải thưởng Top 10 điểm đến du lịch tiêu biểu châu Á","  Trong khuôn khổ Lễ trao giải thưởng “ASIA AWARD” 2023 tại Singapore, khu nghỉ dưỡng Premier Village Danang Resort Managed by Accor Hotels đã được vinh danh tại hạng mục giải thưởng Top 10 điểm đến du lịch tiêu biểu châu Á","  Trong khuôn khổ Lễ trao giải thưởng “ASIA AWARD” 2023 tại Singapore, Khách sạn Mercure Danang French Village Bana Hills và tuyến Bà Nà – Suối Mơ đã được vinh danh tại hạng mục giải thưởng Top 10 điểm đến du lịch tiêu biểu châu Á",1
Tập đoàn Sun Group giành được giải thưởng “Nơi làm việc tốt nhất Châu Á” vào khi nào?,"Tại lễ trao giải HR Asia Awards 2023, Sun Group được trao tặng giải thưởng “Nơi làm việc tốt nhất Việt Nam”","  Tại lễ trao giải HR Asia Awards 2023, Sun Group được trao tặng giải thưởng “Nơi làm việc tốt nhất Châu Á”","  Tại lễ trao giải HR Asia Awards 2023, Sun Group được trao tặng giải thưởng “Nơi làm việc tốt nhất Đông Nam Á”","  Tại lễ trao giải Anphabe 2023, Sun Group được trao tặng giải thưởng “Nơi làm việc tốt nhất Châu Á”",2
Tập đoàn Sun Group lần thứ 4 liên tiếp được nhận được giải thưởng gì và vào khi nào?,"Ngày 23/11/2023 vừa qua, Sun Group lần thứ 6 liên tiếp được nhận được giải thưởng TOP 100 Nơi làm việc tốt nhất Việt Nam","  Ngày 12/11/2024 vừa qua, Sun Group lần thứ 4 liên tiếp được nhận được giải thưởng TOP 100 Nơi làm việc tốt nhất Việt Nam","  Ngày 23/11/2023 vừa qua, Sun Group lần thứ 4 liên tiếp được nhận được giải thưởng TOP 100 Nơi làm việc tốt nhất Việt Nam","  Ngày 12/11/2024 vừa qua, Sun Group lần thứ 6 liên tiếp được nhận được giải thưởng TOP 100 Nơi làm việc tốt nhất Việt Nam",3
"Năm 2023, World Travel Awards đã vinh danh công trình nào của Sun Group ở hạng mục giải thưởng Điểm du lịch văn hóa hàng đầu Việt Nam?",Khách sạn Mercure Danang French Village Bana Hills và tuyến Bà Nà – Suối Mơ,  Khu nghỉ dưỡng Premier Village Danang Resort Managed by Accor Hotels,  InterContinental Danang Sun Peninsula Resort,  Sun World Fansipan Legend,4
"Năm 2023, Sun Group đã được World Travel Awards vinh danh giải thưởng “Tập đoàn Du lịch hàng đầu Châu Á” lần thứ mấy?",Lần thứ 2 liên tiếp,  Lần thứ 3 liên tiếp,  Lần thứ 4 liên tiếp,  Lần thứ 5 liên tiếp,1
"Năm 2023, World Travel Awards vinh danh giải thưởng “Khách sạn Boutique sang trọng hàng đầu Châu Á” cho khách sạn nào của Sun Group?",InterContinental Danang Sun Peninsula Resort,  Khách sạn Capella Hà Nội,  Premier Village Danang Resort Managed by Accor Hotels,  Novotel Danang Premier Han River Hotel (Đà Nẵng),2
"Năm 2023, World Luxury Hotels vinh danh 02 (hai) giải thưởng “Căn hộ dịch vụ dành cho doanh nhân sang trọng nhất Khu vực Châu Á” và giải thưởng “Khách sạn dành cho doanh nhân sang trọng nhất Khu vực Đông Nam Á” cho khách sạn nào của Sun Group?",Khách sạn Mercure Danang French Village Bana Hills,  Premier Village Danang Resort Managed by Accor Hotels,  Khách sạn Novotel Danang Premier Han River,"  Khách sạn La Festa Phu Quoc, Curio Collection by Hilton",3
Dự án Sunneva Island đã giành được giải thưởng nào trong 2023?,Công viên chủ đề hàng đầu Châu Á 2022 (World Travel Awards),  Giải thưởng “Khách sạn Boutique sang trọng hàng đầu Châu Á 2022 & 2023 (World Travel Awards),  Giải thưởng “Khu nghỉ dưỡng và spa sang trọng hàng đầu Châu Á 2022 (World Travel Awards)”,  Giải thưởng “Dự án tái phát triển đô thị tốt nhất Việt Nam” tại Giải thưởng BĐS Châu Á Thái Bình Dương (APPA) 2023,4
Dự án Hon Thom Paradise Island đã giành được giải thưởng nào trong 2023?,Giải thưởng “Dự án BĐS nghỉ dưỡng hàng đầu Việt Nam” tại Giải thưởng BĐS Châu Á Thái Bình Dương (APPA) 2023,  Công viên chủ đề hàng đầu Châu Á 2022 (World Travel Awards),  Giải thưởng “Khách sạn Boutique sang trọng hàng đầu Châu Á 2022 & 2023 (World Travel Awards),  Giải thưởng “Khu nghỉ dưỡng và spa sang trọng hàng đầu Châu Á 2022 (World Travel Awards)”,1
Dự án Sun Beauty Onsenđã giành được giải thưởng nào trong 2023?,Giải thưởng “Khu nghỉ dưỡng và spa sang trọng hàng đầu Châu Á 2022 (World Travel Awards)”,  Giải thưởng “Dự án BĐS nghỉ dưỡng có kiến trúc tốt nhất Việt Nam” tại Giải thưởng BĐS Châu Á Thái Bình Dương (APPA) 2023,  Công viên chủ đề hàng đầu Châu Á 2022 (World Travel Awards),  Giải thưởng “Khách sạn Boutique sang trọng hàng đầu Châu Á 2022 & 2023 (World Travel Awards),2
Tuyến Cáp treo 3 dây vượt biển dài nhất thế giới của Sun Group được Guinness thế giới ghi nhận kỷ lục cho tuyến cáp nào?,Cáp treo Suối Mơ – Bà Nà,  Cáp treo 3 dây của Sun World Fansipan Legend,  Cáp treo Hòn Thơm,  Cáp treo Nữ hoàng,3
Tuyến cáp treo 3 dây có độ chênh giữa ga đi và ga đến lớn nhất thế giới và cáp treo 3 dây có độ dài lớn nhất thế giới được Guinness thế giới ghi nhận kỷ lục cho tuyến cáp nào?,Cáp treo Suối Mơ – Bà Nà,  Cáp treo 3 dây của Sun World Fansipan Legend,  Cáp treo Nữ hoàng,  Cáp treo Hòn Thơm,2
Tuyến cáp treo Sun World Fansipan Legend được so sánh với điều gì bởi độ khó trong thi công và đạt 02 kỷ lục thế giới khi ra mắt? ,"""Kỳ tích trí tuệ Việt Nam""","  ""Kỷ lục Guinness Việt Nam""","  ""Sự độc đáo hiếm có""","  ""Chuẩn mực quốc tế""",1
Nơi nào trong hệ thống kinh doanh của Sun Group được mệnh danh là thị trấn Tình yêu và Nghệ thuật?,Công viên nước hiện đại bậc nhất Đông Nam Á,  Thị trấn Hoàng hôn - Sunset Town tại Phú Quốc,  Tổ hợp nghỉ dưỡng khoáng nóng,  Show diễn đa phương tiện trên mặt nước lớn nhất Châu Á,2
Dự án Sun Premier Village Primavera còn có tên gọi khác là gì?,Công viên nước hiện đại bậc nhất Đông Nam Á,  Tổ hợp nghỉ dưỡng khoáng nóng,  Thị trấn Địa Trung Hải,  Show diễn đa phương tiện trên mặt nước lớn nhất Châu Á,3
"Cầu Vàng - biểu tượng du lịch Việt Nam, Kỳ quan mới của Thế giới được khánh thành vào năm nào?",Năm 2015,  Năm 2016,  Năm 2017,  Năm 2018,4
Sun Group khai trương 03 công trình giao thông Không - Thủy - Bộ (Cảng Hàng không Quốc tế Vân Đồn - Cảng tàu khách Quốc tế Hạ Long - Đường cao tốc Hạ Long - Vân Đồn tại Quảng Ninh vào năm nào?,Năm 2018,  Năm 2017,  Năm 2016,  Năm 2015,1
Sun Group khánh thành tuyến cáp treo đầu tiên - Sun World Ba Na Hills vào năm nào?,Năm 2010,  Năm 2009,  Năm 2008,  Năm 2007,2
Cáp treo được Kỷ lục Guiness ghi nhận “Cáp treo ba dây vượt biển dài nhất thế giới” nằm ở đâu? ,Lào Cai,  Đà Nẵng,  Phú Quốc,  Hạ Long,3
Tuyến tàu hỏa Mường Hoa là tuyến tàu hỏa leo núi hiện đại nhất Việt Nam dung để đi đâu? ,Đi từ thị trấn Hoàng hôn đến Ga đi cáp treo Bà Nà,  Đi từ thị trấn Sa Pa đến Ga đi cáp treo Bà Nà,  Đi từ thị trấn Hoàng hôn đến Ga đi cáp treo Hòn Thơm,  Đi từ thị trấn Sa Pa đến Ga đi cáp treo Fansipan,4
"Bản Mây, không gian văn hóa - nơi hội tụ tinh hoa văn hóa Tây Bắc được ra mắt khi nào và ở đâu?",Ra mắt năm 2023 tại Sun World Fansipan Legend,  Ra mắt năm 2024 tại Sun World Ba Na Hills (Đà Nẵng),  Ra mắt năm 2024 tại Sun World Fansipan Legend,  Ra mắt năm 2023 tại Sun World Ba Na Hills (Đà Nẵng),3
Hotel de la Coupole – Mgallery được ví von với điều gì? ,"""Kỳ tích trí tuệ Việt Nam""","  ""Tuyệt phẩm kiến trúc Pháp giữa lòng Sapa""","  ""Kỷ lục Guinness Việt Nam""","  ""Sự độc đáo hiếm có""",1
Nằm trong quần thể khu vui chơi giải trí Sun World Ba Na Hills là khách sạn nào của Sun Group? ,Khách sạn Novotel Danang Premier Han River Hotel (Đà Nẵng),  New World Phu Quoc Resort (Phú Quốc),  Khách sạn Mercure French Village Bana Hills,  Khách sạn Capella Hanoi,3
"Khi thiết kế khách sạn Capella Hanoi, kiến trúc sư Bill Bensley đã hình dung khách sạn như thế nào?",Công viên nước hiện đại bậc nhất Đông Nam Á,  Tổ hợp nghỉ dưỡng khoáng nóng,  Tuyệt phẩm kiến trúc Pháp,"  Một quán trọ nhỏ, chào đón các ca sĩ opera, nghệ sĩ, nhà soạn nhạc, nhà thiết kế… đến thăm và nghỉ lại trước hoặc sau đêm diễn",4
"Khách sạn có đến 47 phòng, được đặt tên theo các huyền thoại lừng danh thế giới là khách sạn nào?",Khách sạn Capella Hanoi,  Khách sạn Novotel Danang Premier Han River Hotel (Đà Nẵng),  New World Phu Quoc Resort (Phú Quốc),  Khách sạn Mercure French Village Bana Hills,1
"Được thiết kế bởi Luke Donald và quản lý bởi Tập đoàn IMG, sân golf đang vận hành nào có 18 lỗ? ",Eschuri Hon Thom Golf,  Bana Hills Golf Club,  Eschuri Vung Bau Golf,  Novotel Golf Club,2
Hệ thống cáp treo nào đạt kỷ lục thế giới với cabin có sức chứa lớn nhất thế giới với 230 người?,Cáp treo Suối Mơ – Bà Nà,  Cáp treo 3 dây của Sun World Fansipan Legend,  Hệ thống cáp treo tại Sun World Ha Long,  Cáp treo Hòn Thơm,3
Ý tưởng thiết kế của dự án Khách sạn JW Marriott Emerald Bay Resort bắt nguồn từ đâu? ,Tuyệt phẩm kiến trúc Pháp,"  Một quán trọ nhỏ, chào đón các ca sĩ opera, nghệ sĩ, nhà soạn nhạc, nhà thiết kế… đến thăm và nghỉ lại trước hoặc sau đêm diễn",  Là tuyệt tác kiến trúc hai mặt biển duy nhất,  Từ một ngôi trường đại học cổ,4
Premier Village Phú Quốc được đánh giá như thế nào trong hệ thống khách sạn của Sun Group?,Là tuyệt tác kiến trúc hai mặt biển duy nhất,  Là tuyệt phẩm kiến trúc Pháp,"  Là một quán trọ nhỏ, chào đón các ca sĩ opera, nghệ sĩ, nhà soạn nhạc, nhà thiết kế… đến thăm và nghỉ lại trước hoặc sau đêm diễn",  Là một ngôi trường đại học cổ,1
InterContinental Danang Sun Peninsula Resort là dự án khách sạn khai trương thứ mấy do Sun Group đầu tư? ,Thứ hai,  Đầu tiên,  Thứ ba,  Thứ tư,2
"Asia Park là công trình nào sở hữu các nét kiến trúc, hình ảnh tượng trưng cho điều gì?",08 quốc gia châu Á,  09 quốc gia châu Á,  10 quốc gia châu Á,  11 quốc gia châu Á,3
"Sun Signature Gallery là công trình do kiến trúc sư Bill Bensley thiết kế nhằm tái hiện, lưu giữ điều gì?",Tuyệt phẩm kiến trúc Pháp,"  Một quán trọ nhỏ, chào đón các ca sĩ opera, nghệ sĩ, nhà soạn nhạc, nhà thiết kế… đến thăm và nghỉ lại trước hoặc sau đêm diễn",  Là tuyệt tác kiến trúc hai mặt biển duy nhất,  Những nét độc đáo nhất của phong cách nghệ thuật Mid Century Modern giữa thế kỷ 20,4
 “Sự hoà quyện của sắc màu dân tộc thiểu số cùng sự quyến rũ của thời trang những năm 1920-1930 với phong cách Pháp Thượng Lưu” là mô tả cho khách sạn nào?,Hotel de la Coupole – Mgallery,  Khách sạn Novotel Danang Premier Han River Hotel (Đà Nẵng),  New World Phu Quoc Resort (Phú Quốc),  Khách sạn Mercure French Village Bana Hills,1
Ông Ngâu - Bà Ngâu là thiết kế lấy cảm hứng từ truyện cổ tích/truyền thuyết Việt Nam cho cây cầu nào?,Cầu Vàng,  Cầu Hôn,  Cầu Sông Hàn,  Cầu Thuận Phước,2
Cuộc hành trình của 1 thương nhân buôn đồ gốm là cảm hứng thiết kế cho khách sạn nào?,Khách sạn Novotel Danang Premier Han River Hotel (Đà Nẵng),  New World Phu Quoc Resort (Phú Quốc),  Khách sạn La Festa Phú Quốc,  Khách sạn Mercure French Village Bana Hills,3
Sun World Ha Long có công trình cáp treo nào của Khối Sun World?,Cáp treo Suối Mơ – Bà Nà,  Cáp treo 3 dây của Sun World Fansipan Legend,  Cáp treo nữ hoàng,Cáp treo Hòn Thơm,3
"Theo Phụ lục thực thi NVTT năm 2024 Khối Cung Ứng, một trong các yêu cầu liên quan đến NVTT về công tác Tư tưởng Văn hóa là gì?",Tích hợp Tuyên ngôn thực thi Giá trị cốt lõi của Khối vào KPIs/ OKR nhằm đánh giá đo lường kết quả thực thi Giá trị cốt lõi một cách thực chất,Triển khai đào tạo thực thi Giá trị cốt lõi Sun Group trên toàn Khối,Xây dựng bộ Tuyên ngôn thực thi Giá trị cốt lõi cho toàn bộ Khối Cung Ứng,Quy hoạch và phát triển đội ngũ kế cận theo nhu cầu kế hoạch phát triển dự án mới của Khối,1
"Theo Phụ lục thực thi NVTT năm 2024 Khối Cung Ứng, nội dung sau đây là yêu cầu đối với NVTT nào? Nâng cao nhận thức, năng lực và gắn trách nhiệm trực tiếp của Người đứng đầu với tối ưu hiệu quả hoạt động tại Khối.",Thực thi tự chủ tài chính và tối ưu hiệu quả hoạt động tại Khối,"Tăng cường tự chủ, tối ưu hóa hiệu quả tài chính",Đẩy mạnh hiệu quả hoạt động Mua sắm và Quản trị mua sắm,Tối ưu hiệu quả hoạt động và Quản trị tài chính cung ứng,4
"Theo NVTT về công tác Nhân sự của Khối Cung Ứng, việc đẩy mạnh sử dụng ứng dụng công nghệ ngoài áp dụng cho hoạt động quản trị nhân sự của đội ngũ chuyên môn nhân sự còn áp dụng cho hoạt động gì?",Đánh giá hiệu quả công việc của CBNV,Trải nghiệm của cán bộ nhân viên,Truyền thông môi trường làm việc,Nâng cao hiệu quả tương tác giữa các phòng ban,2
"Theo Phụ lục thực thi NVTT năm 2024 Khối Cung Ứng, NVTT nào là ưu tiên số 1 của Khối trong năm 2024",Nâng cao hiệu quả công tác Quản trị nhân sự và Vai trò người đứng đầu,Chú trọng triển khai công tác Tư tưởng văn hóa,Đẩy mạnh hiệu quả hoạt động Mua sắm và Quản trị mua sắm,Tối ưu hiệu quả hoạt động và Quản trị tài chính cung ứng,3
"Theo bộ KPIs năm 2024 của Khối Cung ứng, KPI Mức độ tuân thủ được đánh giá thông qua Kết quả nào?","Kết quả đánh giá mức độ tuân thủ của Đơn vị đối với (i) quy định, quy trình của Tập đoàn, (ii) quy định pháp luật, (iii) thực hiện cam kết về quản trị rủi ro","Kết quả đánh giá mức độ tuân thủ của Đơn vị đối với (i) quy định, quy trình của Tập đoàn, (ii) quy định pháp luật, (iii) thực hiện cam kết về quản trị rủi ro, (iv) thực hiện khuyến nghị của Ban Kiểm soát, Ban An ninh, Ban Thanh tra và khuyến nghị nội bộ của Đơn vị","Kết quả đánh giá mức độ tuân thủ của Đơn vị đối với (i) quy định pháp luật, (ii) tiến độ pháp lý dự án,(iii) thực hiện cam kết về quản trị rủi ro, (iv) thực hiện khuyến nghị cải thiện hệ thống của Ban Kiểm soát, Ban An ninh, Ban Thanh tra","Kết quả đánh giá mức độ tuân thủ của Đơn vị đối với (i) quy định, quy trình của Tập đoàn, (ii) quy định pháp luật, (iii) thực hiện khuyến nghị cải thiện hệ thống của Ban Kiểm soát, Ban An ninh, Ban Thanh tra",2
"Theo NVTT về công tác Tư tưởng Văn hóa của Khối Cung Ứng, việc duy trì và phát triển đội ngũ Đại sứ Văn hóa tại Khối hướng tới mục tiêu gì?","Trở thành đội ngũ tiên phong đào tạo, lan tỏa và chia sẻ Văn hóa Tập đoàn, thúc đẩy triển khai, thực thi văn hóa tại các Ban chuyên môn",Trở thành đội ngũ giảng viên nội bộ thúc đẩy công tác đào tạo chuyên môn nghiệp vụ tại Khối,"Trở thành đội ngũ tiên phong đào tạo, truyền thông, lan tỏa các tiêu chí của môi trường làm việc","Trở thành đội ngũ hỗ trợ, thúc đẩy hiệu quả công việc chung của Khối",1
"Theo Phụ lục thực thi NVTT năm 2024 Khối Cung Ứng, nội dung sau đây là yêu cầu đối với NVTT nào? Tăng cường ký Hợp đồng nguyên tắc, hợp đồng khung với các NCC uy tín, rút ngắn thời gian xử lý đơn hàng và tối ưu chi phí quản lý",Tối ưu hiệu quả hoạt động và Quản trị tài chính cung ứng,Đẩy mạnh xây dựng và phát triển các NCC uy tín,Đẩy mạnh hiệu quả hoạt động Mua sắm và Quản trị mua sắm,Nâng cao hiệu quả hoạt động đầu tư mua sắm,3
NVTT liên quan đến công tác Nhân sự được nêu trong Phụ lục thực thi NVTT năm 2024 Khối Cung Ứng là gì?,Đào tạo và phát triển nguồn nhân lực chất lượng cao,Chú trọng xây dựng môi trường làm việc hiệu quả,"Tối ưu thiết kế tổ chức, tinh gọn bộ máy, đào tạo và nâng cao chất lượng nhân sự nhằm nâng cao năng suất lao động",Nâng cao hiệu quả công tác Quản trị Nhân sự và Vai trò người đứng đầu,4
"Theo bộ KPIs Khối Cung Ứng năm 2024, KPIs Tỷ lệ đơn hàng không phù hợp về giá được phát hiện bởi bên thứ 3 chiếm tỷ trọng bao nhiêu %?",0.2,0.15,0.3,0.1,2
"Theo NVTT về công tác mua sắm của Khối Cung Ứng, việc nâng cao chất lượng dịch vụ cung ứng hàng hóa, dịch vụ cho các đơn vị TVSG đảm bảo đáp ứng về chất lượng, tiến độ giao hàng, giá cả hàng hóa phù hợp nhằm hỗ trợ hoạt động gì?",Công tác đầu tư triển khai các dự án xây dựng,"Hoạt động kinh doanh, vận hành Khối SW",Công tác kinh doanh cốt lõi của Tập đoàn,Hoạt động vận hành trên toàn Tập đoàn,3
"Liên quan đến NVTT công tác Tư tưởng Văn hóa trong năm 2024, Khối Cung ứng được giao KPI bao gồm những chỉ tiêu nào?",- Tỉ lệ hoàn thành tích hợp Tuyên ngôn thực thi Giá trị cốt lõi Tập đoàn vào KPI/OKR (số lượng + tiến độ + chất lượng) - Tỉ lệ hoàn thành chỉ tiêu ĐSVH (số lượng + chất lượng) - Tỷ lệ hoàn thành chỉ tiêu đào tạo Văn hóa,- Tỉ lệ hoàn thành tích hợp Tuyên ngôn thực thi Giá trị cốt lõi Tập đoàn vào KPI/OKR (số lượng + tiến độ + chất lượng) - Tỉ lệ hoàn thành chỉ tiêu các chương trình phát triển văn hóa theo yêu cầu (số lượng + chất lượng) - Tỷ lệ thi đạt Nghị quyết - Tỷ lệ hoàn thành chỉ tiêu đào tạo Văn hóa,- Tỉ lệ hoàn thành tích hợp Tuyên ngôn thực thi Giá trị cốt lõi Tập đoàn vào KPI/OKR (số lượng + tiến độ + chất lượng) - Tỉ lệ hoàn thành chỉ tiêu các chương trình phát triển văn hóa theo yêu cầu (số lượng + chất lượng) - Tỷ lệ thi đạt Nghị quyết,- Tỉ lệ hoàn thành tích hợp Tuyên ngôn thực thi Giá trị cốt lõi Tập đoàn vào KPI/OKR (số lượng + tiến độ + chất lượng) - Tỉ lệ hoàn thành chỉ tiêu các chương trình phát triển văn hóa theo yêu cầu (số lượng + chất lượng) - Tỉ lệ hoàn thành chỉ tiêu ĐSVH (số lượng + chất lượng) - Tỷ lệ CBLĐ/CBQL hoàn thành 03 chỉ tiêu TTVH phân bổ về từng ĐV,4
KPI Mức độ tuân thủ chiếm tỷ trọng bao nhiêu % trong bộ KPIs năm 2024 của Khối Cung ứng?,0.1,0.15,0.2,0.05,4
"Để góp phần hoàn thành Nhiệm vụ trọng tâm trong công tác Tư tưởng Văn hóa trong năm 2024, Khối Cung ứng cần hoàn thành KPI nào?",Tỷ lệ hoàn thành chỉ tiêu Tư tưởng Văn hóa,Tỷ lệ hoàn thành chỉ tiêu đào tạo Văn hóa,Tỷ lệ hoàn thành chương trình đào tạo Thực thi Giá trị cốt lõi,Tỷ lệ thi đạt Nghị quyết,1
KPI về công tác Tư tưởng Văn hóa chiếm tỷ trọng bao nhiêu % trong bộ KPIs năm 2024 của Khối Cung ứng?,0.2,0.15,0.05,0.1,3
KPI Mức độ hài lòng của khách hàng nội bộ chiếm tỷ trọng bao nhiêu % trong bộ KPIs năm 2024 của Khối Cung ứng?,0.2,0.15,0.1,0.05,3
"Theo NVTT về công tác Tài chính của Khối Cung Ứng, việc thúc đẩy công tác tự động hóa, nâng cấp các ứng dụng CNTT trong lĩnh vực Mua sắm hàng hóa thông qua triển khai ERP giai đoạn II đối với mảng nào của Khối?",Quản trị vận hành,Quản trị mua sắm và Quản trị tài chính,Quản trị mua sắm và Quản trị vận hành,Quản trị tài chính và Quản lý danh mục hàng hóa,2
NVTT liên quan đến công tác tài chính được nêu trong Phụ lục thực thi NVTT năm 2024 Khối Cung Ứng là gì?,Thực thi tự chủ tài chính và tối ưu hiệu quả hoạt động tại Khối,Tối ưu hiệu quả hoạt động và Quản trị tài chính cung ứng,Đẩy mạnh thực thi hiệu quả công tác quản trị tài chính nội bộ,Nâng cao vai trò người đứng đầu trong công tác tự chủ tài chính,2
"Theo NVTT về công tác Tài chính của Khối Cung Ứng, đối tượng nào sau đây cần nâng cao nhận thức, năng lực và gắn trách nhiệm trực tiếp với tối ưu hiệu quả hoạt động tại Khối?",Các CB 2+ của Khối/Đơn vị/Bộ phận thuộc Khối,Người đứng đầu,Giám đốc Tài chính,Ban Lãnh Đạo Khối,2
"Theo NVTT về công tác mua sắm của Khối Cung Ứng, cần tăng cường ký Hợp đồng nguyên tắc, hợp đồng khung với các NCC nào để rút ngắn thời gian xử lý đơn hàng và tối ưu chi phí quản lý?",NCC uy tín,Tất cả các NCC từ trước tới nay,NCC lâu năm,NCC mới,1
"Theo Phụ lục thực thi NVTT năm 2024 Khối Cung Ứng, nội dung sau đây là yêu cầu đối với NVTT nào? Triển khai các hoạt động truyền thông, đào tạo về Tư tưởng văn hóa Người Sun Group và quan điểm công tác Nhân sự",Chú trọng triển khai công tác Tư tưởng văn hóa,Đẩy mạnh xây dựng và phát triển đội ngũ ĐSVH,Chú trọng triển khai công tác Tư tưởng văn hóa và truyền thông nội bộ,Đẩy mạnh thực thi Giá trị cốt lõi Tập đoàn,1
